{"stats":{"minecraft:picked_up":{"minecraft:chest":1,"minecraft:mutton":4,"minecraft:white_wool":2},"minecraft:used":{"minecraft:goat_horn":1,"minecraft:potato":3,"minecraft:experience_bottle":1},"minecraft:killed_by":{"minecraft:player":1},"minecraft:custom":{"minecraft:time_since_rest":3504,"minecraft:open_chest":3,"minecraft:play_time":5204,"minecraft:sprint_one_cm":21692,"minecraft:walk_one_cm":11203,"minecraft:damage_taken":400,"minecraft:deaths":1,"minecraft:sneak_time":20,"minecraft:walk_under_water_one_cm":2437,"minecraft:mob_kills":2,"minecraft:jump":97,"minecraft:damage_dealt":160,"minecraft:time_since_death":3475,"minecraft:walk_on_water_one_cm":2303,"minecraft:total_world_time":5204,"minecraft:swim_one_cm":5105,"minecraft:fall_one_cm":2246,"minecraft:fly_one_cm":22769},"minecraft:killed":{"minecraft:sheep":2},"minecraft:mined":{"minecraft:chest":1}},"DataVersion":3465}