{"stats":{"minecraft:crafted":{"minecraft:spruce_planks":16,"minecraft:stick":4,"minecraft:wooden_pickaxe":1,"minecraft:stone_pickaxe":1},"minecraft:mined":{"minecraft:grass_block":4,"minecraft:dirt":8,"minecraft:spruce_leaves":10,"minecraft:spruce_log":4,"minecraft:stone":4},"minecraft:killed_by":{"minecraft:skeleton":1},"minecraft:picked_up":{"minecraft:spruce_sapling":1,"minecraft:spruce_log":4,"minecraft:sugar_cane":1,"minecraft:cobblestone":4,"minecraft:dirt":12},"minecraft:custom":{"minecraft:time_since_rest":2455,"minecraft:crouch_one_cm":430,"minecraft:play_time":12924,"minecraft:sprint_one_cm":49749,"minecraft:deaths":1,"minecraft:damage_taken":370,"minecraft:walk_one_cm":21543,"minecraft:sneak_time":265,"minecraft:drop":1,"minecraft:jump":204,"minecraft:damage_dealt":43,"minecraft:leave_game":3,"minecraft:time_since_death":2420,"minecraft:total_world_time":12924,"minecraft:fall_one_cm":7884,"minecraft:interact_with_crafting_table":4,"minecraft:fly_one_cm":44790},"minecraft:dropped":{"minecraft:sugar_cane":1},"minecraft:used":{"minecraft:dirt":12,"minecraft:cobblestone":1,"minecraft:wooden_pickaxe":4,"minecraft:spruce_sapling":1}},"DataVersion":3465}