{"stats":{"minecraft:mined":{"minecraft:spruce_log":8,"minecraft:grass_block":1,"minecraft:dirt":2,"minecraft:stone":10,"minecraft:fern":1},"minecraft:crafted":{"minecraft:crafting_table":1,"minecraft:stick":8,"minecraft:spruce_planks":40,"minecraft:wooden_pickaxe":1,"minecraft:stone_pickaxe":1,"minecraft:stone_axe":1},"minecraft:killed_by":{"alexsmobs:orca":1,"minecraft:stray":1},"minecraft:picked_up":{"betterdefaultbiomes:frozen_flesh":5,"minecraft:feather":2,"minecraft:chicken":1,"minecraft:potato":1,"minecraft:spruce_sapling":1,"minecraft:grass_block":1,"minecraft:spruce_log":8,"minecraft:dirt":3,"minecraft:mutton":1,"minecraft:white_wool":1,"minecraft:ender_pearl":1,"minecraft:cobblestone":10,"minecraft:egg":1},"minecraft:custom":{"minecraft:time_since_rest":836,"minecraft:sprint_one_cm":41419,"minecraft:damage_taken":660,"minecraft:walk_one_cm":13560,"minecraft:mob_kills":8,"minecraft:drop":1,"minecraft:damage_dealt":2410,"minecraft:swim_one_cm":7267,"minecraft:interact_with_crafting_table":2,"minecraft:player_kills":1,"minecraft:fly_one_cm":101505,"minecraft:crouch_one_cm":197,"minecraft:play_time":10683,"minecraft:deaths":2,"minecraft:sneak_time":293,"minecraft:walk_under_water_one_cm":325,"minecraft:jump":400,"minecraft:walk_on_water_one_cm":1462,"minecraft:leave_game":2,"minecraft:time_since_death":808,"minecraft:total_world_time":10683,"minecraft:fall_one_cm":15157},"minecraft:dropped":{"minecraft:wooden_pickaxe":1},"minecraft:killed":{"minecraft:sheep":1,"minecraft:chicken":1,"betterdefaultbiomes:frozen_zombie":5,"minecraft:enderman":1},"minecraft:used":{"minecraft:grass_block":1,"minecraft:chicken":1,"minecraft:ender_pearl":1,"minecraft:spruce_planks":6,"minecraft:wooden_pickaxe":13,"betterdefaultbiomes:frozen_flesh":5,"minecraft:stone_axe":34,"minecraft:dirt":3,"minecraft:mutton":1,"minecraft:crafting_table":1,"minecraft:egg":1,"minecraft:potato":1}},"DataVersion":3465}