{"stats":{"minecraft:custom":{"minecraft:jump":53,"minecraft:time_since_rest":16050,"minecraft:damage_dealt":50,"minecraft:leave_game":1,"minecraft:play_time":16050,"minecraft:sprint_one_cm":4634,"minecraft:time_since_death":16050,"minecraft:walk_one_cm":4812,"minecraft:sneak_time":34,"minecraft:total_world_time":16050,"minecraft:fall_one_cm":1103,"minecraft:drop":3,"minecraft:fly_one_cm":73231,"minecraft:player_kills":1},"minecraft:dropped":{"minecraft:wheat_seeds":1,"minecraft:trident":2},"minecraft:used":{"minecraft:trident":17},"minecraft:picked_up":{"minecraft:trident":1,"minecraft:wheat_seeds":1},"minecraft:mined":{"minecraft:grass":5}},"DataVersion":3465}