{"stats":{"minecraft:mined":{"minecraft:large_fern":4,"minecraft:spruce_log":5,"minecraft:brown_mushroom":1},"minecraft:picked_up":{"minecraft:spruce_log":5,"minecraft:wheat_seeds":1},"minecraft:custom":{"minecraft:jump":25,"minecraft:time_since_rest":5494,"minecraft:sprint_one_cm":13419,"minecraft:play_time":5494,"minecraft:time_since_death":5494,"minecraft:walk_one_cm":9684,"minecraft:total_world_time":5494,"minecraft:fall_one_cm":627,"minecraft:fly_one_cm":5792},"minecraft:used":{"alexsmobs:animal_dictionary":2}},"DataVersion":3465}