{"stats":{"minecraft:custom":{"minecraft:jump":56,"minecraft:time_since_rest":27749,"minecraft:damage_dealt":135,"minecraft:crouch_one_cm":240,"minecraft:leave_game":2,"minecraft:play_time":27749,"minecraft:sprint_one_cm":5737,"minecraft:time_since_death":27749,"minecraft:walk_one_cm":8071,"minecraft:sneak_time":110,"minecraft:total_world_time":27749,"minecraft:fall_one_cm":1103,"minecraft:drop":3,"minecraft:fly_one_cm":110993,"minecraft:player_kills":1},"minecraft:dropped":{"minecraft:wheat_seeds":1,"minecraft:trident":2},"minecraft:used":{"minecraft:trident":17,"minecraft:grass_block":4},"minecraft:picked_up":{"minecraft:trident":1,"minecraft:wheat_seeds":1},"minecraft:mined":{"minecraft:grass":5}},"DataVersion":3465}