{"stats":{"minecraft:crafted":{"minecraft:crafting_table":1,"minecraft:spruce_planks":20,"minecraft:stick":4,"minecraft:wooden_pickaxe":1},"minecraft:mined":{"minecraft:large_fern":4,"minecraft:grass":1,"minecraft:brown_mushroom":1,"minecraft:spruce_leaves":4,"minecraft:spruce_log":12},"minecraft:killed_by":{"minecraft:spider":1,"betterdefaultbiomes:frozen_zombie":1,"minecraft:player":1},"minecraft:picked_up":{"betterdefaultbiomes:frozen_flesh":2,"minecraft:wheat_seeds":1,"minecraft:spruce_log":11},"minecraft:custom":{"minecraft:time_since_rest":2462,"minecraft:play_time":17494,"minecraft:sprint_one_cm":42364,"minecraft:deaths":3,"minecraft:damage_taken":840,"minecraft:walk_one_cm":27728,"minecraft:mob_kills":1,"minecraft:jump":187,"minecraft:damage_dealt":237,"minecraft:time_since_death":2435,"minecraft:total_world_time":17494,"minecraft:interact_with_crafting_table":1,"minecraft:fall_one_cm":5700,"minecraft:fly_one_cm":36913},"minecraft:killed":{"betterdefaultbiomes:frozen_zombie":1},"minecraft:used":{"betterdefaultbiomes:frozen_flesh":1,"minecraft:crafting_table":1,"alexsmobs:animal_dictionary":2,"minecraft:wooden_pickaxe":9}},"DataVersion":3465}