{"stats":{"minecraft:crafted":{"minecraft:crafting_table":1,"minecraft:spruce_planks":20,"minecraft:stick":4,"minecraft:wooden_pickaxe":1},"minecraft:mined":{"minecraft:large_fern":4,"minecraft:grass":1,"minecraft:grass_block":2,"minecraft:brown_mushroom":1,"minecraft:spruce_leaves":4,"minecraft:spruce_log":12},"minecraft:killed_by":{"minecraft:spider":1,"betterdefaultbiomes:frozen_zombie":1,"minecraft:player":1},"minecraft:picked_up":{"betterdefaultbiomes:frozen_flesh":2,"minecraft:wheat_seeds":1,"minecraft:spruce_log":11,"minecraft:dirt":2},"minecraft:custom":{"minecraft:time_since_rest":10808,"minecraft:play_time":25840,"minecraft:sprint_one_cm":42782,"minecraft:deaths":3,"minecraft:damage_taken":840,"minecraft:walk_one_cm":28503,"minecraft:mob_kills":1,"minecraft:jump":198,"minecraft:leave_game":1,"minecraft:damage_dealt":237,"minecraft:time_since_death":10781,"minecraft:total_world_time":25840,"minecraft:interact_with_crafting_table":1,"minecraft:fall_one_cm":6327,"minecraft:fly_one_cm":37300},"minecraft:killed":{"betterdefaultbiomes:frozen_zombie":1},"minecraft:used":{"betterdefaultbiomes:frozen_flesh":1,"minecraft:crafting_table":1,"alexsmobs:animal_dictionary":2,"minecraft:wooden_pickaxe":9}},"DataVersion":3465}