{"stats":{"minecraft:crafted":{"minecraft:crafting_table":1,"minecraft:spruce_planks":28,"minecraft:stick":4,"minecraft:wooden_pickaxe":1,"minecraft:stone_pickaxe":1},"minecraft:mined":{"minecraft:light_gray_carpet":3,"betterdefaultbiomes:pinecone":1,"minecraft:glass_pane":1,"minecraft:furnace":1,"minecraft:red_bed":1,"minecraft:iron_ore":4,"minecraft:blue_ice":2,"minecraft:white_carpet":9,"minecraft:spruce_log":7,"biomesoplenty:maple_leaves":1,"minecraft:powder_snow":61,"minecraft:grass":1,"minecraft:grass_block":4,"minecraft:dirt":7,"minecraft:stone":35,"minecraft:fern":2},"minecraft:picked_up":{"minecraft:raw_iron":4,"minecraft:spruce_log":7,"minecraft:dirt":11,"minecraft:red_bed":1,"minecraft:lantern":1,"minecraft:white_carpet":9,"betterdefaultbiomes:pinecone":1,"minecraft:light_gray_carpet":3,"minecraft:cobblestone":34,"minecraft:furnace":1},"minecraft:custom":{"minecraft:time_since_rest":17143,"minecraft:sprint_one_cm":39940,"minecraft:damage_taken":150,"minecraft:walk_one_cm":72351,"minecraft:drop":1,"minecraft:damage_dealt":55,"minecraft:talked_to_villager":2,"minecraft:interact_with_crafting_table":34,"minecraft:fly_one_cm":50694,"minecraft:open_chest":20,"minecraft:crouch_one_cm":231,"minecraft:play_time":17143,"minecraft:sneak_time":57,"minecraft:walk_under_water_one_cm":681,"minecraft:jump":418,"minecraft:leave_game":3,"minecraft:time_since_death":17143,"minecraft:walk_on_water_one_cm":271,"minecraft:total_world_time":17143,"minecraft:fall_one_cm":10399},"minecraft:dropped":{"minecraft:wooden_pickaxe":1},"minecraft:used":{"minecraft:bread":4,"minecraft:stone_pickaxe":40,"minecraft:wooden_pickaxe":6,"betterdefaultbiomes:pinecone":1,"minecraft:dirt":10,"minecraft:cobblestone":9,"minecraft:crafting_table":1,"minecraft:furnace":1}},"DataVersion":3465}