{"stats":{"minecraft:crafted":{"minecraft:crafting_table":2,"minecraft:spruce_planks":28,"minecraft:stick":8,"minecraft:wooden_pickaxe":1,"minecraft:stone_pickaxe":1,"minecraft:stone_axe":1},"minecraft:mined":{"minecraft:light_gray_carpet":6,"betterdefaultbiomes:pinecone":1,"minecraft:glass_pane":1,"minecraft:furnace":1,"minecraft:red_bed":2,"minecraft:iron_ore":4,"minecraft:blue_ice":2,"minecraft:white_carpet":18,"minecraft:spruce_log":7,"biomesoplenty:maple_leaves":1,"minecraft:powder_snow":81,"minecraft:grass":1,"minecraft:oak_log":1,"minecraft:grass_block":4,"minecraft:white_stained_glass_pane":2,"minecraft:gravel":1,"minecraft:dirt":7,"minecraft:potted_cornflower":1,"minecraft:stone":38,"minecraft:fern":2},"minecraft:picked_up":{"betterdefaultbiomes:frozen_flesh":1,"minecraft:raw_iron":4,"minecraft:flower_pot":1,"minecraft:gravel":1,"minecraft:spruce_log":7,"minecraft:cornflower":1,"minecraft:dirt":11,"minecraft:red_bed":2,"minecraft:lantern":1,"minecraft:white_carpet":18,"betterdefaultbiomes:pinecone":1,"minecraft:light_gray_carpet":6,"minecraft:cobblestone":37,"minecraft:furnace":1},"minecraft:custom":{"minecraft:time_since_rest":6753,"minecraft:sprint_one_cm":90543,"minecraft:damage_taken":423,"minecraft:walk_one_cm":84062,"minecraft:mob_kills":2,"minecraft:drop":1,"minecraft:damage_dealt":475,"minecraft:swim_one_cm":7545,"minecraft:talked_to_villager":2,"minecraft:interact_with_crafting_table":35,"minecraft:fly_one_cm":135649,"minecraft:open_chest":32,"minecraft:crouch_one_cm":731,"minecraft:play_time":27046,"minecraft:sneak_time":164,"minecraft:walk_under_water_one_cm":745,"minecraft:jump":787,"minecraft:leave_game":4,"minecraft:time_since_death":27046,"minecraft:walk_on_water_one_cm":473,"minecraft:sleep_in_bed":1,"minecraft:climb_one_cm":910,"minecraft:total_world_time":27046,"minecraft:fall_one_cm":23220},"minecraft:dropped":{"minecraft:wooden_pickaxe":1},"minecraft:killed":{"guardvillagers:guard":1,"betterdefaultbiomes:frozen_zombie":1},"minecraft:used":{"minecraft:bread":10,"minecraft:stone_pickaxe":43,"minecraft:light_gray_carpet":6,"minecraft:spruce_planks":13,"minecraft:wooden_pickaxe":6,"betterdefaultbiomes:pinecone":1,"betterdefaultbiomes:frozen_flesh":1,"minecraft:stone_axe":10,"minecraft:dirt":10,"minecraft:cobblestone":16,"minecraft:white_carpet":18,"minecraft:crafting_table":2,"minecraft:red_bed":1,"minecraft:furnace":1,"minecraft:potato":1}},"DataVersion":3465}