{"stats":{"minecraft:crafted":{"minecraft:crafting_table":1,"minecraft:spruce_planks":28,"minecraft:stick":4},"minecraft:mined":{"minecraft:grass_block":3,"betterdefaultbiomes:pinecone":1,"minecraft:dirt":3,"minecraft:spruce_log":7,"minecraft:powder_snow":43},"minecraft:picked_up":{"betterdefaultbiomes:pinecone":1,"minecraft:spruce_log":7,"minecraft:dirt":6},"minecraft:custom":{"minecraft:time_since_rest":6144,"minecraft:crouch_one_cm":150,"minecraft:play_time":6144,"minecraft:sprint_one_cm":24552,"minecraft:damage_taken":120,"minecraft:walk_one_cm":4111,"minecraft:sneak_time":30,"minecraft:jump":134,"minecraft:leave_game":1,"minecraft:time_since_death":6144,"minecraft:total_world_time":6144,"minecraft:fall_one_cm":6012,"minecraft:fly_one_cm":30494},"minecraft:used":{"minecraft:dirt":6,"betterdefaultbiomes:pinecone":1}},"DataVersion":3465}