{
  "minecraft:recipes/decorations/crafting_table": {
    "criteria": {
      "unlock_right_away": "2024-07-18 21:41:05 +0000"
    },
    "done": true
  },
  "minecraft:adventure/adventuring_time": {
    "criteria": {
      "minecraft:river": "2024-07-18 21:47:20 +0000",
      "minecraft:stony_shore": "2024-07-18 21:41:30 +0000",
      "minecraft:savanna": "2024-07-18 21:41:36 +0000",
      "minecraft:plains": "2024-07-18 21:41:06 +0000"
    },
    "done": false
  },
  "minecraft:adventure/throw_trident": {
    "criteria": {
      "shot_trident": "2024-07-18 21:46:34 +0000"
    },
    "done": true
  },
  "minecraft:adventure/root": {
    "criteria": {
      "killed_something": "2024-07-18 21:46:44 +0000"
    },
    "done": true
  },
  "DataVersion": 3465
}